{"train_loss": [0.6415652472244735, 0.07271417631716581, 0.03888086229527267, 0.03522256189158148, 0.022595197752640916], "test_loss": [0.7432928442955017, 0.806712144613266, 1.0007177412509918, 0.8875237047672272, 0.8399471670389176], "micro_f1": [0.6829268292682927, 0.7692307692307693, 0.7777777777777778, 0.8108108108108109, 0.8108108108108109], "macro_f1": [0.4617460317460317, 0.4957142857142857, 0.4933333333333333, 0.5171428571428571, 0.5171428571428571], "weighted_f1": [0.6850793650793651, 0.7285714285714285, 0.7166666666666666, 0.7642857142857142, 0.7642857142857142], "samples_f1": [0.6083333333333333, 0.6333333333333333, 0.6166666666666666, 0.6333333333333333, 0.6333333333333333], "samples_precision": [0.675, 0.7, 0.7, 0.7, 0.7], "samples_recall": [0.575, 0.6, 0.575, 0.6, 0.6]}